bw,sensitive
0,0.915730337078652
100,0.365453247680228
200,0.16441332689522
300,0.055860150973381
400,0.0158730158730159
500,0.00174603174603175
600,0
700,0
800,0
900,0
1000,0
