res,sensitive
100,0.915730337078652
200,0.858136300417246
300,0.813259668508287
400,0.740983606557377
500,0.643203883495146
600,0.544303797468355
700,0.40650406504065
800,0.338308457711443
900,0.263157894736842
1000,0.255813953488372
